entity,story,year,organization,method_of_leak,no_of_records_stolen,data_sensitivity,1st source link,2nd source link,3rd source
Australian Immigration Department,"An employee of the agency inadvertently sent the passport numbers, visa details and other personal identifiers of all world leaders attending the G20 Brisbane summit to the organisers of the Asian Cup football tournament. Barack Obama, Vladimir Putin, Angela Merkel, Xi Jinping, Narendra Modi, David Cameron and many others.",2015,government,accidentally published,500000,5,http://www.theguardian.com/world/2015/mar/30/personal-details-of-world-leaders-accidentally-revealed-by-g20-organisers,,
British Airways,,2015,retail,hacked,500000,1,http://www.theguardian.com/business/2015/mar/29/british-airways-frequent-flyer-accounts-hacked,,
Slack,,2015,tech,poor security,500000,1,http://www.fastcompany.com/3042326/tech-forecast/with-500000-users-slack-says-its-the-fastest-growing-business-app-ever,,
Twitch.tv,March 23rd. Details unknown at this point. All Twitch's 10 million users have been requested to change their passwords.,2015,health,hacked,10000000,1,http://blog.twitch.tv/2015/03/important-notice-about-your-twitch-account/,,
Premera,"Detected 29th Jan 2015. Occured May 2014. ""C could include names, date of birth, email address, address, telephone number, Social Security number, member identification numbers, bank account information, and claims information, including clinical information""",2015,health,hacked,11000000,5,http://premeraupdate.com/,,
Uber,"Occured Sep 2014. Revealed Feb 2015. Names & license plates of 50,000 driver partners.",2015,tech,poor security,50000,1,http://blog.uber.com/2-27-15,,
Anthem,"Feb 2015: Names, dates of birth, member ID/ social security numbers, addresses, phone numbers, email addresses and employment information.",2015,healthcare,hacked,80000000,2,http://www.anthemfacts.com/faq,,
Sony Pictures,"Wide-ranging hack of potentially every piece of data held by the company, including: unreleased films & scripts, employee social security numbers, salaries and health check results, as well as sensitive internal business documents relating to lay-offs, restructures and executive salaries. Lead suspects are ""North Korean hackers"" perhaps related to the Seth Rogen film, ""The Interview"" which mocks the North Korean dictator, Kim Jong Un.",2014,media,hacked,10000000,2,http://www.buzzfeed.com/tomgara/sony-hack,,
JP Morgan Chase,"July 2014: The US's largest bank was compromised by hackers, stealing names, addresses, phone numbers and emails of account holders. The hack began in June but was not discovered until July, when the hackers had already obtained the highest level of administrative privilege to dozens of the bank’s computer servers.",2014,financial,hacked,76000000,3,http://dealbook.nytimes.com/2014/10/02/jpmorgan-discovers-further-cyber-security-issues/?_php=true&_type=blogs&_r=0,,
Gmail,"5 million gmail account passwords leaked to a forum. Close inspection revealed the user details to be old (3+ years). Multiple individual targeted hacks, rather than one big dataleak, suspected to be the method. ",2014,web,hacked,5000000,1,http://thenextweb.com/google/2014/09/10/4-93-million-gmail-usernames-passwords-published-google-says-evidence-systems-compromised/,,
Home Depot,"Malware installed on cash register system across 2,200 stores syphoned credit card details of up to 56 million customers. May be the same group of Russian and Ukrainian hackers responsible for the data breaches at Target, Sally Beauty and P.F. Chang’s, among others",2014,retail,hacked,56000000,3,http://krebsonsecurity.com/2014/09/banks-credit-card-breach-at-home-depot/,,
Mozilla,,2014,web,poor security,760000,2,http://www.theguardian.com/technology/2014/aug/05/mozilla-leak-developer-email-addresses-passwords-firefox,,
Community Health Services,"Aug 2014: Community Health Systems, which operates 206 hospitals across the US, had patient data from the last 5 years breached. Details included names, addresses, social security numbers. Suspected ""chinese hackers"" were thought responsible. Goal: identity theft.",2014,healthcare,hacked,4500000,2,http://money.cnn.com/2014/08/18/technology/security/hospital-chs-hack/,,
New York Taxis,"A freedom of information request resulted in the release of data on all 173 million journeys undertaken by New York taxis in one year. Unfortunately, the data was incorrectly anonymised and relatively easy to decode, revealing the driver IDs, pickup & dropoff times, and GPS routes taken for every single cab journey.",2014,transport,poor security,52000,1,https://medium.com/@vijayp/f6bc289679a1,,
Dominios Pizzas (France),,2014,web,hacked,600000,1,http://www.theguardian.com/technology/2014/jun/16/dominos-pizza-ransom-hack-data,,
MacRumours.com,,2014,web,hacked,860000,1,http://www.wired.co.uk/news/archive/2013-11/13/mac-rumours-forums-hacked,,
LexisNexis,Hackers stole millions of social security numbers - including Michelle Obama's - from 3 large US data brokers,2014,tech,hacked,1000000,3,http://www.usatoday.com/story/cybertruth/2013/09/26/lexisnexis-dunn--bradstreet-altegrity-hacked/2878769/,http://www.reuters.com/article/2013/09/26/us-cyberattacks-databrokers-idUSBRE98P03220130926,http://www.bbc.co.uk/news/technology-24284277
AOL,,2014,web,hacked,24000000,1,http://blog.aol.com/2014/04/28/aol-security-update/,,
Korea Credit Bureau,,2014,financial,inside job,20000000,5,http://www.securityweek.com/20-million-people-fall-victim-south-korea-data-leak,,
Target,Investigators believe the data was obtained via software installed on machines that customers use to swipe magnetic strips on their cards when paying for merchandise at Target stores. Originally 40m customers. Now 70m!,2014,retail,hacked,70000000,2,"http://www.chicagotribune.com/news/sns-rt-us-target-breach-20131218,0,3434295.story",http://www.huffingtonpost.com/2013/12/19/target-hacked-customer-credit-card-data-accessed_n_4471672.html?utm_hp_ref=mostpopular,http://techcrunch.com/2014/01/10/targets-data-breach-gets-worse-70-million-customers-had-info-stolen-including-names-emails-and-phones/?utm_source=feedburner&utm_medium=feed&utm_campaign=Feed%3A+Techcrunch+%28TechCrunch%29&utm_content=Netvibes
Ebay,The company has said hackers attacked between late February and early March with login credentials obtained from “a small number” of employees. They then accessed a database containing all user records and copied “a large part” of those credentials.,2014,web,hacked,145000000,1,http://my.chicagotribune.com/#section/-1/article/p2p-80265168/,,
Adobe,"Sep 17th 2013. Hackers obtained access to a large swathe of Adobe customer IDs and encrypted passwords & removed sensitive information (i.e. names, encrypted credit or debit card numbers, expiration dates, etc.). Approximately 38 million Adobe customers. Updated: Now 152m (May 2014)",2014,tech,hacked,152000000,5,http://www.theverge.com/2013/11/7/5078560/over-150-million-breached-records-from-adobe-hack-surface-online,http://www.zdnet.com/adobe-admits-2-9m-customer-accounts-have-been-compromised-7000021546/,http://krebsonsecurity.com/2013/10/adobe-breach-impacted-at-least-38-million-users/
Neiman Marcus,,2014,retail,hacked,1100100,2,http://www.nytimes.com/2014/01/24/business/neiman-marcus-breach-affected-1-1-million-cards.html,http://krebsonsecurity.com/2014/08/stealthy-razor-thin-atm-insert-skimmers/,
European Central Bank,,2014,financial,hacked,4000000,1,http://www.cityam.com/1406190300/ecb-website-hacked,,
UPS,Malware was discovered in the credit & debit card processing systems at 51 branches in 24 states.,2014,retail,hacked,4000000,3,http://time.com/3151681/ups-hack/,,
NASDAQ,"Nasdaq forum website hacked by hacking ring, email addresses and passwords compromised",2014,financial,hacked,500000,1,http://www.reuters.com/article/2013/07/18/net-us-nasdaq-cybercrime-website-idUSBRE96H1F520130718,,
Advocate Medical Group,"4,000,000 patient names, addresses, dates of birth, and Social Security numbers were contained in four computers stolen from an administrative building. Second biggest security breach ever reported to the Department of Health and Human Services (HHS).",2013,healthcare,lost / stolen media,"4,000,000",2,http://healthitsecurity.com/2013/08/27/advocate-medical-group-endures-massive-data-breach/,http://datalossdb.org/latest_incidents_remote_sync,
SnapChat,"31st Dec 2013. Hackers abused an exploit to syphon 4.7m user details, including phone numbers.  Check here to see if your account was compromised: http://lookup.gibsonsec.org/",2013,web,hacked,4700000,2,http://www.forbes.com/sites/andygreenberg/2012/01/15/zappos-says-hackers-accessed-24-million-customers-account-details/,,
South Africa police,"Hacker collective 'Anonymous' hacked an anonymous whistleblowing website run by the South Africa Police Service (SAPS), revealing the identities of thousands of its users. The hack was in response to the massacre of 34 protesting miners at Marikana in August 2012.",2013,government,hacked,16000,2,http://www.wired.co.uk/news/archive/2013-05/22/south-africa-whistleblower-leak,,
"Crescent Health Inc., Walgreens","Names, Social Security numbers, health insurance identification numbers, health insurance information, dates of birth, diagnoses, other medical information, disability codes, addresses, and phone numbers may have been exposed via a laptop theft.",2013,healthcare,lost / stolen media,100000,4,http://www.privacyrights.org/data-breach,,
Florida Courts,,2013,government,lost / stolen media,100000,2,http://www.privacyrights.org/data-breach,,
Florida Department of Juvenile Justice,"Three computers were stolen that contained both youth and employee records was reported stolen on January 2, 2013.  Over 100,000 records were on the device and may have been exposed.",2013,government,lost / stolen media,"100,000",2,http://www.privacyrights.org/data-breach,,
Central Hudson Gas & Electric,Customer banking information and other personal information may have been accessed during the hack.,2013,energy,hacked,110000,3,http://www.privacyrights.org/data-breach,,
Kirkwood Community College,,2013,academic,hacked,125000,2,http://www.privacyrights.org/data-breach,http://www.databreachwatch.org/community-college-data-breach-leaks-125000-ssns/,
Citigroup,"Third big data breach from Citigroup.""The personal information of 150,000 consumers who went into bankruptcy between 2007 and 2011 – including their social security numbers – were exposed after Citi failed to properly redact court records before they were put on the Public Access to Court Electronic Records (PACER) system.""",2013,financial,poor security,"150,000",2,http://news.softpedia.com/news/Citi-Exposes-Details-of-150-000-Individuals-Who-Went-into-Bankruptcy-369979.shtml,,
Washington State court system,"Up to 160,000 Social Security numbers and a million driver's license numbers may have been accessed by hackers exploiting old versions of Adobe Cold Fusion software on the server. ",2013,government,hacked,160000,2,http://www.reuters.com/article/2013/05/09/us-usa-hack-washingtonstate-idUSBRE9480YY20130509,http://www.privacyrights.org/data-breach,
TerraCom & YourTel,"The telecom firms TerraCom and YourTel have branded reporters for Scripps News as ""hackers"" after journalists discovered that the personal data of over 170,000 customers - including social security numbers and other identifying data that could be used for identity theft - were sitting on a publicly accessible server.",2013,telecoms,accidentally published,170000,2,http://boingboing.net/2013/05/23/terracom-and-yourtel-threaten.html,http://www.wired.co.uk/news/archive/2013-05/23/reporter-google-breach-hacker,
Nintendo,"Japan's Club Nintendo service was hacked following thousands of unauthorized accesses. Customer information compromised in the attack includes full names, phone numbers, home and email addresses.",2013,gaming,hacked,239326,2,http://www.joystiq.com/2013/07/05/club-nintendo-japan-hacked/,,
Twitter,"Hackers had access to limited user information -- usernames, email addresses, session tokens and encrypted/salted versions of passwords -- for approximately 250,000 users.",2013,web,hacked,250000,1,http://www.wired.co.uk/news/archive/2013-02/02/twitter-hacked,,
Apple,"Developer portal hacked. ""Some"" information about 275,000 3rd-party developers potentially stolen.",2013,tech,hacked,275000,1,http://www.guardian.co.uk/technology/2013/jul/22/apple-developer-site-hacked,,
Scribd,Hack resulted in a few hundred thousand stolen passwords.,2013,web,hacked,500000,1,http://nakedsecurity.sophos.com/2013/04/05/scribd-worlds-largest-online-library-admits-to-network-intrusion-password-breach/,http://www.nbcnews.com/technology/scribd-hack-exposes-thousands-users-1B9239618,
Drupal,"Malicious files placed on association.drupal.org servers via a 3rd-party application. Exposed usernames, e-mail addresses, country information, and cryptographically hashed passwords.",2013,web,hacked,1000000,1,http://arstechnica.com/security/2013/05/drupal-org-resets-login-credentials-after-hack-exposes-password-data/,,
Dun & Bradstreet,Hackers stole millions of social security numbers - including Michelle Obama's - from 3 large US data brokers,2013,tech,hacked,1000000,3,http://www.usatoday.com/story/cybertruth/2013/09/26/lexisnexis-dunn--bradstreet-altegrity-hacked/2878769/,http://www.reuters.com/article/2013/09/26/us-cyberattacks-databrokers-idUSBRE98P03220130926,http://www.bbc.co.uk/news/technology-24284277
Kroll Background America,Hackers stole millions of social security numbers - including Michelle Obama's - from 3 large US data brokers,2013,tech,hacked,1000000,3,http://www.usatoday.com/story/cybertruth/2013/09/26/lexisnexis-dunn--bradstreet-altegrity-hacked/2878769/,http://www.reuters.com/article/2013/09/26/us-cyberattacks-databrokers-idUSBRE98P03220130926,http://www.bbc.co.uk/news/technology-24284277
Kissinger Cables,Wikileaks,2013,government,inside job,1700000,3,https://www.wikileaks.org/plusd/about/,,
Ubuntu,July 2013: Discussion forum for the operating system was compromised leaking personal details and password. The passwords were cryptographically scrambled using the MD5 hashing algorithm - considered an inadequate means of protecting stored passwords by security experts.,2013,tech,hacked,2000000,3,http://arstechnica.com/security/2013/07/hack-exposes-e-mail-addresses-password-data-for-2-million-ubuntu-forum-users/,,
Vodafone,An IT contractor for the firm used his deep access to the telecom giant's system to copy customer names and bank account details.,2013,telecoms,inside job,2000000,3,http://www.securityweek.com/attacker-steals-data-2-million-vodafone-germany-customers,,
Facebook,"Using the network's ""Download Your Information"" tool, some Facebook members were inadvertently sent the phone numbers or email address of Facebook friends that were otherwise private. Facebook assured users that the bug was fixed within a day, and that there is no evidence that the information was used maliciously.",2013,web,accidentally published,6000000,1,https://www.facebook.com/notes/facebook-security/important-message-from-facebooks-white-hat-program/10151437074840766,,
Yahoo Japan,22 million Yahoo user IDs may have been leaked after Yahoo detected an unauthorized attempt to access the administrative system of its web portal Yahoo Japan. The leaked information did not include passwords and data necessary for identity verification to reset passwords.,2013,web,hacked,22000000,1,http://www.reuters.com/article/2013/05/17/us-yahoojapan-idUSBRE94G0P620130517,,
Evernote,"Evernote asked its 50 million users to reset their passwords following an attempt to hack the note-taking network. The company said it’d found no evidence that any payment information for Evernote Premium or Evernote Business customers had been accessed, nor was there any indication that content stored by users had been accessed, changed or lost.",2013,web,hacked,50000000,1,http://www.wired.co.uk/news/archive/2013-03/04/evernote-hacked,http://www.digitaltrends.com/mobile/evernote-hack-50-million-users-forced-to-reset-passwords/,
Living Social,"Online criminals gained access to user names, e-mail addresses, dates of birth & encrypted passwords for 50 million people. Databases storing financial information were not compromised in the attack, the company said.",2013,web,hacked,50000000,4,http://nakedsecurity.sophos.com/2013/04/27/livingsocial-hacked-50-million-affected/,http://bits.blogs.nytimes.com/2013/04/26/living-social-hack-exposes-data-for-50-million-customers/,
UbiSoft,,2013,gaming,hacked,58000000,20,http://forums.ubi.com/forumdisplay.php/495-Security-update-regarding-your-Ubisoft-account-please-create-a-new-password,,
OVH,,2013,web,hacked,500000,20,http://status.ovh.net/?do=details&id=5070,,
Militarysingles.com,"Collective group LulzSec released a database of 163,792 names, usernames, e-mail addresses, IP addresses, and passwords of ""single"" military personnel.",2012,military,accidentally published,163792,4,http://www.pcworld.com/article/252647/reborn_lulzsec_claims_hack_of_dating_site_for_military_personnel.html,,
Emory Healthcare,,2012,healthcare,poor security,315000,4,http://www.hhs.gov/ocr/privacy/hipaa/administrative/breachnotificationrule/breachtool.html,,
Formspring,"Formspring was tipped off to a breach after 420,000 hashed passwords were posted to a security forum. ",2012,web,accidentally published,420000,4,http://news.cnet.com/8301-1009_3-57469944-83/formspring-disables-user-passwords-in-security-breach/?tag=mncol;txt,,
Yahoo Voices,"Yahoo Voices service was hacked, exposing more than 450,000 usernames and passwords.",2012,web,hacked,450000,1,http://it.slashdot.org/story/12/07/12/1243217/nearly-half-a-million-yahoo-passwords-leaked-updated?utm_source=feedburnerGoogle+Reader&utm_medium=feed&utm_campaign=Feed%3A+Slashdot%2Fslashdot+%28Slashdot%29&utm_content=Google+Reader,http://www.pbs.org/newshour/rundown/2012/07/check-whether-your-yahoo-password-was-hacked.html,
Medicaid,"The Utah Department of Technology Services had recently moved their claims records to a new server, and hackers believed to be operating out of Eastern Europe were able to circumvent the server’s multi-layered security system containing Social Security numbers for the Medicaid claims.",2012,healthcare,hacked,780000,2,http://www.idtheftcenter.org/artman2/publish/lib_survey/ITRC_2008_Breach_List.shtml,,
California Department of Child Support Services,California child support records were lost in transit during a disaster preparedness exercise.,2012,government,lost / stolen media,800000,2,http://www.idtheftcenter.org/artman2/publish/lib_survey/ITRC_2008_Breach_List.shtml,http://articles.businessinsider.com/2012-04-03/news/31279254_1_major-data-breach-identity-theft-office-of-privacy-protection,
New York State Electric & Gas,An employee from a software consulting firm was allowed unauthorized access to the company’s databases.,2012,energy,inside job,1800000,2,http://www.idtheftcenter.org/artman2/publish/lib_survey/ITRC_2008_Breach_List.shtml,,
Three Iranian banks,"After finding a security vulnerability in Iran's banking system, software manager Khosrow Zarefarid
 wrote a formal report and sent it to the CEOs of all the affected banks across the country. When the banks ignored his findings, he hacked 3 million bank accounts, belonging to at least 22 different banks, to prove his point.",2012,financial,hacked,3000000,5,http://www.zdnet.com/blog/security/3-million-bank-accounts-hacked-in-iran/11577,,
South Carolina Government,"A man was charged with five counts of violating medical confidentiality laws and one count of disclosure of confidential information after he gained access to personal information for more than 228,000 Medicaid beneficiaries.",2012,healthcare,inside job,"228,435",4,http://www.thestate.com/2012/04/20/2241321/personal-information-of-more-than.html#.UFpUVqRYtmg,http://www.hhs.gov/ocr/privacy/hipaa/administrative/breachnotificationrule/breachtool.html,
Office of the Texas Attorney General,,2012,government,accidentally published,6500000,2,http://www.rawstory.com/rs/2012/04/26/texas-attorney-general-exposes-millions-of-voters-social-security-numbers/,,
Global Payments,1.5 million credit card numbers from its systems may have been exposed after detecting “unauthorized access” into its processing system.,2012,financial,hacked,1500000,3,http://www.washingtonpost.com/business/technology/faq-the-global-payments-hack/2012/04/02/gIQAIHLLrS_story.html,,
Gamigo,German gaming website,2012,web,hacked,8000000,1,http://www.forbes.com/sites/andygreenberg/2012/07/23/eight-million-passwords-spilled-from-gaming-site-gamigo-months-after-breach/,,
"LinkedIn, eHarmony, Last.fm","Hacker 'dwdm' uploaded a file containing 6.5 million passwords on a Russian hacker forum. Soon after another 1.5 million passwords were discovered.  On analysis, 93% of the passwords could be found in the Top 10,000 password list.",2012,web,accidentally published,8000000,4,http://news.cnet.com/8301-1009_3-57449325-83/what-the-password-leaks-mean-to-you-faq/?tag=mncol;txt,http://arstechnica.com/security/2012/06/8-million-leaked-passwords-connected-to-linkedin/,
KT Corp.,"Two suspects reportedly earnt an estimated $877,000 by selling the contact information and plan details of 8.7 million KT subscribers, almost half of the carrier's total customers.",2012,telecoms,hacked,8700000,2,http://www.koreatimes.co.kr/www/news/biz/2012/07/113_116143.html,http://news.cnet.com/8301-1009_3-57482215-83/hackers-accused-of-stealing-data-from-9m-korean-mobile-users/,
Greek government,"A computer programmer was arrested in Greece for allegedly stealing the identity information of what could amount to 83% of the country's population. The 35-year-old was found in possession of 9 million data files containing identification card data, addresses, tax ID numbers and licence plate numbers, which he was also suspected of trying to sell.",2012,government,hacked,9000000,2,http://www.wired.co.uk/news/archive/2012-11/22/greece-id-theft,,
Zappos,,2012,web,hacked,24000000,2,http://www.forbes.com/sites/andygreenberg/2012/01/15/zappos-says-hackers-accessed-24-million-customers-account-details/,,
Massive American business hack,"Over eight years, a hacking ring targeted banks, payment processors and chain stores, to steal more than 160 million credit and debit card numbers, targeting more than 800,000 bank accounts ",2012,financial,hacked,160000000,5,http://www.nydailynews.com/news/national/russians-ukrainian-charged-largest-hacking-spree-u-s-history-article-1.1408948,,
Dropbox,,2012,web,hacked,"30,000",1,http://www.informationweek.co.uk/security/client/dropbox-admits-hack-adds-more-security-f/240004697,,
"""Apple""","Hacking group AntiSec claimed they hacked an FBI laptop in March 2012 accessing a file of more than 12 million Apple Unique Device Identifiers (UDIDs). Subsequently, it was discovered that app developer BlueToad was the source of the breach. The list contained personal information such as full names, phone numbers and addresses. AntiSec published a million of these UDIDs online.",2012,tech,accidentally published,12367232,2,http://news.cnet.com/8301-1009_3-57505330-83/antisec-claims-to-have-snatched-12m-apple-device-ids-from-fbi/,http://news.cnet.com/8301-1009_3-57509595-83/udid-leak-source-idd-bluetoad-mobile-firm-says-it-was-hacked/,
Blizzard,"Scrambled passwords, e-mail addresses, and personal security answers were knowingly stolen from Blizzard's internal network. Blizzard would not elaborate on the size of the hack (""millions""). ",2012,gaming,hacked,14000000,2,https://us.battle.net/support/en/article/important-security-update-faq#5,,
Morgan Stanley Smith Barney,Morgan Stanley mailed a CD containing sensitive data about investors in tax-exempt funds and bonds to the New York State Department of Taxation and Finance. The package arrived at the building but when it arrived at the relevant desk the data CD was missing.,2011,financial,lost / stolen media,34000,3,http://www.idtheftcenter.org/artman2/publish/lib_survey/ITRC_2008_Breach_List.shtml,,
US Army,,2011,military,accidentally published,50000,1,http://www.idtheftcenter.org/artman2/publish/lib_survey/ITRC_2008_Breach_List.shtml,,
Writerspace.com,"Hacker group LulzSec released the e-mails and passwords, 12,000 of which were confirmed to originate from Writerspace.com. ",2011,web,hacked,62000,1,"http://www.pcmag.com/article2/0,2817,2387186,00.asp",,
University of Wisconsin - Milwaukee,,2011,academic,hacked,"73,000",2,http://www.idtheftcenter.org/artman2/publish/lib_survey/ITRC_2008_Breach_List.shtml,,
Memorial Healthcare System,"An employee of an affiliated physician’s office may have improperly accessed patient information through a web portal used by physicians who provide care and treatment at MHS. Specifically, patients’ names, dates of birth, and Social Security numbers.",2011,healthcare,lost / stolen media,102153,2,http://www.mhs.net/pdf/release071112.pdf,http://www.hhs.gov/ocr/privacy/hipaa/administrative/breachnotificationrule/breachtool.html,
US Law Enforcement,"""AntiSec"" hackers published 2,719 social security numbers, 8,214 passwords, 15,798 birth dates, 48,182 street addresses, 1,531,628 email addresses, 106,691 phone numbers, 57 bank account numbers, 53 driver's license numbers, and eight credit card numbers of more than 70 different U.S. law enforcement agencies.",2011,government,accidentally published,123461,3,"http://www.pcmag.com/article2/0,2817,2390683,00.asp",,
Accendo Insurance Co.,"Mismailed letters which allowed some lines of sensitive information (medication name, date of birth, and member ID) to be visible through the envelope window. The mailings were addressed correctly and, to the knowledge of the company, were received by the intended recipients.",2011,healthcare,poor security,175350,4,http://www.databreaches.net/?p=19198,http://www.hhs.gov/ocr/privacy/hipaa/administrative/breachnotificationrule/breachtool.html,
San Francisco Public Utilities Commission,,2011,government,hacked,180000,1,http://news.cnet.com/8301-27080_3-20068386-245/sf-utilities-agency-warns-of-potential-breach/,,
Bethesda Game Studios,"Hacking collective Lulzsec stole account information of 200,000 user.",2011,gaming,hacked,200000,1,http://www.pcworld.com/article/231215/lulzsec_a_short_history_of_hacking.html,,
Restaurant Depot,,2011,retail,hacked,200000,3,http://www.idtheftcenter.org/artman2/publish/lib_survey/ITRC_2008_Breach_List.shtml,,
Massachusetts Government,"Over 1,500 departmental computers were infected with the W32.QAKBOT virus, a malicious program which “downloads additional files, steals information, and opens a back door on the compromised computer”. ",2011,government,poor security,210000,5,http://www.idtheftcenter.org/artman2/publish/lib_survey/ITRC_2008_Breach_List.shtml,,
Honda Canada,"Names, addresses and vehicle identification numbers were taken from the company’s eCommerce websites myHonda and myAcura",2011,retail,poor security,283000,2,http://www.guelphmercury.com/news-story/2200845-honda-canada-hit-by-online-security-breach-283-000-car-owners-personal-data-stolen/,,
Southern California Medical-Legal Consultants,"Electronic files containing names and social security numbers of approximately 300,000 individuals who have applied for California workers’ compensation benefits had been exposed to unauthorized access.",2011,healthcare,hacked,300000,2,http://www.idtheftcenter.org/artman2/publish/lib_survey/ITRC_2008_Breach_List.shtml,,
Citigroup,"Less than 1% of Citbank card holders' names, account numbers, and contact information such as e-mail addresses were stolen. Card security codes were not stolen. ",2011,financial,hacked,360083,3,http://www.pcworld.com/article/229891/Citigroup_Hack_Nets_Over_200k_in_Stolen_Customer_Details.html,,
Spartanburg Regional Healthcare System,"The stolen computer contained a password-protected file with Social Security numbers as well as names, addresses, dates of birth and medical billing codes.",2011,healthcare,lost / stolen media,400000,4,http://www.spartanburgregional.com/Pages/PatientNotice.aspx,http://www.hhs.gov/ocr/privacy/hipaa/administrative/breachnotificationrule/breachtool.html,
Eisenhower Medical Center,"Stolen computer contained data listing patients' names, ages, dates of birth, medical record numbers and the last four digits of their social security numbers.",2011,healthcare,lost / stolen media,514330,4,http://databreachinvestigation.blogspot.com/2011/04/thief-gets-away-with-eisenhower-medical.html,http://www.hhs.gov/ocr/privacy/hipaa/administrative/breachnotificationrule/breachtool.html,
Stratfor,"Hacking collective Anonymous defaced the website of Stratfor and posted a file online of the organization’s confidential client list, along with credit card details, passwords and home addresses for those clients. They released 47,680 unique e-mail addresses and 50,277 unique credit card numbers — 9,651 of which were not yet expired. Of the stolen encrypted passwords, 50% were easily crackable. ",2011,military,accidentally published,935000,3,http://bits.blogs.nytimes.com/2011/12/27/questions-about-motives-behind-stratfor-hack/,,
Oregon Department of Motor Vehicles,"Sheriff's detectives arrested Tim Nuss  for accessing an old Oregon Department of Motor Vehicles database. The DMV database was once sold to marketing companies, but the department stopped selling the information in the late 1990s. The sold data include the names, addresses, birth dates, gender and ages of people who registered with the DMV, but no financial information.  ",2011,government,poor security,1000000,2,http://www.idtheftcenter.org/artman2/publish/lib_survey/ITRC_2008_Breach_List.shtml,,
Sony Pictures,"LulzSec hacking collective stated all of the information it took was unencrypted, “Sony stored over 1,000,000 passwords of its customers in plaintext."" More than 1 million user accounts were compromised. An additional 75,000 music codes and 3.5 million coupons were also uncovered.",2011,web,hacked,1000000,1,http://mashable.com/2011/06/02/sony-pictures-hacked/,,
Nemours Foundation,A health care organization that runs children’s hospitals reported the loss of 1.05 million records when data backup tapes were lost.,2011,healthcare,lost / stolen media,1055489,4,http://zerosecurity.org/technews/past-three-years-over-21m-medical-record-breaches/,http://www.hhs.gov/ocr/privacy/hipaa/administrative/breachnotificationrule/breachtool.html,
Washington Post,Unknown hackers broke into The Washington Post's jobs website stealing about 1.27 million user IDs and email addresses.,2011,media,hacked,1270000,2,"http://www.pcmag.com/article2/0,2817,2388200,00.asp",,
Sega,"Information stolen during the hack includes names, birth dates, e-mail addresses and passwords from Sega Pass, a system for users interested in newsletters and for registering certain products. ",2011,gaming,hacked,1290755,4, http://www.zdnet.com/blog/gamification/sega-1-3-million-customer-records-hacked-lulzsec-promises-retribution/481,,
Countrywide Financial Corp,mortgage lender,2011,financial,inside job,2500000,2,http://latimesblogs.latimes.com/money_co/2011/09/man-convicted-in-huge-countrywide-data-theft-gets-8-months-in-prison.html,,
State of Texas,"3.5 million records were accidentally published online including people's names, mailing addresses, social security numbers, and in some cases dates of birth and driver's license numbers.",2011,government,accidentally published,3500000,2,http://www.informationweek.com/security/attacks/texas-data-breach-exposed-35-million-rec/229401489?queryText=Texas%20data%20leak,,
Sutter Medical Foundation,"A password protected but unencrypted company computer was stolen. The compromised database contained names, addresses, dates of birth, phone numbers, email addresses, medical record numbers and the name of each patient's health insurance plan. No medical records were stored on the computer.",2011,healthcare,lost / stolen media,4243434,2,http://www.simplysecurity.com/2011/11/30/sutter-health-sued-for-1-billion-following-data-breach/,http://www.hhs.gov/ocr/privacy/hipaa/administrative/breachnotificationrule/breachtool.html,
Tricare,"The information for some 4.6 million active and retired military personnel, as well as their families, was on back up-tapes from an electronic health care record used to capture and preserve patient data from 1992 through September 7 2011. ",2011,healthcare,lost / stolen media,4901432,4,http://www.idtheftcenter.org/artman2/publish/lib_survey/ITRC_2008_Breach_List.shtml,,
China Software Developer Network,,2011,web,hacked,6000000,1,http://www.zdnet.com/blog/security/chinese-hacker-arrested-for-leaking-6-million-logins/11064,,
NHS,A laptop holding the unencrypted records of eight million patients went missing from an NHS store room and wasn't reported until 3 weeks later.,2011,healthcare,lost / stolen media,8300000,4,http://www.techweekeurope.co.uk/news/nhs-researchers-lose-laptop-with-8m-patients-records-31810,,
178.com,gaming website,2011,web,hacked,10000000,1,http://www.ehackingnews.com/2011/12/hackers-compromised-38-million-chinese.html,,
Nexon Korea Corp,game developer,2011,web,hacked,13200000,2,http://www.reuters.com/article/2011/11/26/us-korea-hacking-nexon-idUSTRE7AP09H20111126,,
Sony Online Entertainment,"Hacked by LulzSec. In addition to the Sony Playstation Network breach, compromised 77 million records. More than 23,000 lost financial data, according to Sony.",2011,gaming,hacked,24600000,3,http://www.computerworld.com/s/article/9216343/Sony_cuts_off_Sony_Online_Entertainment_service_after_hack,,
Tianya,blogging site,2011,web,hacked,28000000,1,"http://www.scmagazine.com.au/News/349585,28-million-clear-text-passwords-found-after-tianya65279-hack.aspx",,
Steam,The Valve Corporation,2011,web,hacked,35000000,3,http://www.bbc.co.uk/news/technology-15690187,,
Sony PSN,"Rounding off a thoroughly unhappy year for Sony, their third breach saw the loss of 76,000,000 Sony PSN and Qriocity user accounts to hacking collective Lulzsec.",2011,gaming,hacked,77000000,1,http://mashable.com/2011/05/31/sony-playstation-services-return/,,
Health Net - IBM,"Several server drives, containing personal information of former and current employees, went missing.",2011,healthcare,lost / stolen media,1900000,3,http://www.idtheftcenter.org/artman2/publish/lib_survey/ITRC_2008_Breach_List.shtml,http://www.hhs.gov/ocr/privacy/hipaa/administrative/breachnotificationrule/breachtool.html,
Yale University,,2010,academic,accidentally published,43000,2,http://www.idtheftcenter.org/artman2/publish/lib_survey/ITRC_2008_Breach_List.shtml,,
Colorado government,,2010,healthcare,lost / stolen media,105470,2,http://www.databreaches.net/?p=12611,http://www.hhs.gov/ocr/privacy/hipaa/administrative/breachnotificationrule/breachtool.html,
AT&T,"Details of iPad 3G users hacked from AT&T website, thought to include those of White House chief of staff Rahm Emanuel.",2010,telecoms,hacked,114000,1,http://www.guardian.co.uk/technology/2010/jun/10/apple-ipad-security-leak?INTCMP=SRCH,,
Lincoln Medical & Mental Health Center,"130,495 patients lost their protected health information after seven CDs were lost in transit.",2010,healthcare,lost / stolen media,130495,4,http://www.phiprivacy.net/?tag=lincoln-medical-and-mental-health-center,http://www.hhs.gov/ocr/privacy/hipaa/administrative/breachnotificationrule/breachtool.html,
"Ankle & foot Center of Tampa Bay, Inc.","The information hacked included information such as patient names, social security numbers, date of birth, home addressees, account numbers, and healthcare services and related diagnostic codes.",2010,healthcare,hacked,156000,4,http://www.phiprivacy.net/?p=5743,http://www.hhs.gov/ocr/privacy/hipaa/administrative/breachnotificationrule/breachtool.html,
"Emergency Healthcare Physicians, Ltd.","The stolen portable hard drive is believed to have contained records from 2003 to 2006 that included patient names, addressees, phone numbers, birth dates, Social Security numbers, and, in some cases, drivers' license numbers.",2010,healthcare,lost / stolen media,180111,4,http://www.healthcareinfosecurity.com/chicago-breach-affects-180000-a-2496,http://www.hhs.gov/ocr/privacy/hipaa/administrative/breachnotificationrule/breachtool.html,
"Seacoast Radiology, PA","Computer gamers hacked a server at Seacoast Radiology in Rochester in search of more bandwidth in November to play Call of Duty: Black Ops. In the process they also gained access to personal records of the more than 230,000 patients of the health center.",2010,healthcare,hacked,231400,20,http://www.fosters.com/apps/pbcs.dll/article?AID=/20110120/GJNEWS_01/701209744,http://www.hhs.gov/ocr/privacy/hipaa/administrative/breachnotificationrule/breachtool.html,
Embassy Cables,Wikileaks,2010,government,inside job,251000,5,http://wikileaks.org/cablegate.html,,
US Military,WIKILEAKS!,2010,military,inside job,260000,5,http://www.guardian.co.uk/news/datablog/2010/nov/29/wikileaks-cables-data,,
Classified Iraq War documents,Wikileaks,2010,government,inside job,392000,2,http://www.forbes.com/sites/andygreenberg/2010/10/22/wikileaks-reveals-the-biggest-classified-data-breach-in-history/,,
"Triple-S Salud, Inc.",,2010,healthcare,lost / stolen media,398000,4,http://www.hhs.gov/ocr/privacy/hipaa/administrative/breachnotificationrule/breachtool.html,,
US Federal Reserve Bank of Cleveland,"A Malaysian man has been charged with hacking into major U.S. corporations, including the U.S. Federal Reserve Bank of Cleveland and FedComp after U.S. Secret Service investigators found more than ""400,000 stolen credit and debit card account numbers allegedly obtained by hacking into various computer systems of other financial institutions""",2010,financial,hacked,400000,3,http://www.idtheftcenter.org/artman2/publish/lib_survey/ITRC_2008_Breach_List.shtml,,
Puerto Rico Department of Health,"Double whammy. Two separate breaches. On September 3rd, 2010 data on 115,000 people was stolen from unauthorized access of an electronic device, on the 21st they reported an additional 400,000 records were hacked. ",2010,healthcare,hacked,515000,4,http://www.hhs.gov/ocr/privacy/hipaa/administrative/breachnotificationrule/breachtool.html,,
Ohio State University,,2010,academic,hacked,760000,2,http://www.idtheftcenter.org/artman2/publish/lib_survey/ITRC_2008_Breach_List.shtml,,
"South Shore Hospital, Massachusetts","South Shore Hospital hired a contractor to destroy files no longer in use and lost the shipment. The back-up computer files possibly contained names, addresses, phone numbers, dates of birth, Social Security numbers, driver’s license numbers, medical record numbers, patient numbers, health plan information, protected health information including diagnoses and treatments. As well as bank account and credit card numbers for some. Patients, employees, physicians, volunteers, donors, vendors and other business partners were effected. ",2010,healthcare,lost / stolen media,800000,5,http://www.idtheftcenter.org/artman2/publish/lib_survey/ITRC_2008_Breach_List.shtml,,
Gawker.com,"Hacked. 1.5 Million usernames, emails, passwords taken.",2010,web,hacked,1500000,2,http://www.guardian.co.uk/technology/2010/dec/13/gawker-hackers-passwords-twitter-wikileaks?INTCMP=SRCH,http://www.mediaite.com/online/gawker-medias-entire-commenter-database-appears-to-have-been-hacked/,
New York City Health & Hospitals Corp.,,2010,healthcare,lost / stolen media,1700000,4,http://www.hhs.gov/ocr/privacy/hipaa/administrative/breachnotificationrule/breachtool.html,,
Betfair,"Betfair waited 18 months to report the breach of their online gambling site, alarming banking institutions and security experts. Betfair's systems breach, which occurred in March and April 2010, was not uncovered until this past May, when a server crashed.",2010,web,hacked,2300000,3,http://www.idtheftcenter.org/artman2/publish/lib_survey/ITRC_2008_Breach_List.shtml,,
JP Morgan Chase,"In 2007, the personal information of approximately 2.6 million current and former holders of a Chase-Circuit City credit card had been mistakenly identified as trash and thrown out in garbage bags outside five branch offices in New York.",2010,financial,lost / stolen media,2600000,3,http://www.pcworld.com/article/131453/article.html,,
Educational Credit Management Corp,"A contractor for the US Department of Education stole the records of 3.3 million people. Data included names, addresses, Social Security numbers and dates of birth of borrowers, but no financial or bank account information.",2010,financial,lost / stolen media,3300000,2,http://www.foxnews.com/us/2010/03/26/student-loan-company-data-m-people-stolen/,,
US Dept of Defense,"""According to a report to Congress, assessment forms of 72,000 service members who returned from deployment to Iraq or Afghanistan between Jan 1, 2007 to May 31, 2008 were breached. The forms ask for the service member's SSN,. Name, date of birth.""",2009,military,lost / stolen media,72000,2,http://www.idtheftcenter.org/artman2/publish/lib_survey/ITRC_2008_Breach_List.shtml,,
US National Guard,"About 131,000 former and current Army Guard members potentially affected  when a personal laptop owned by an Army Guard contractor was stolen. Database incuded names, Social Security Numbers, incentive payment amounts and payment dates.",2009,military,lost / stolen media,131000,2,http://www.idtheftcenter.org/artman2/publish/lib_survey/ITRC_2008_Breach_List.shtml,,
University of California Berkeley,,2009,academic,hacked,160000,3,http://www.msnbc.msn.com/id/30645920/ns/technology_and_science-security/t/hackers-breach-uc-berkeley-computers/#.UFjFaKRYtmg,,
"Affinity Health Plan, Inc.",A rented photocopier used to copy health records did not have its hard-drive wiped before its return.,2009,healthcare,lost / stolen media,344579,4,http://security-hack1.blogspot.com/2010/04/affinity-health-plan-alerts-public.html,http://www.hhs.gov/ocr/privacy/hipaa/administrative/breachnotificationrule/breachtool.html,
Virginia Prescription Monitoring Program,"A hacker, who was never arrested, demanded a $10 million ransom for a breach effecting 530,000 Virginians. Social security numbers may have been taken. The data was found in a database containing 35 million prescription records.",2009,healthcare,hacked,531400,2,http://www.idtheftcenter.org/artman2/publish/lib_survey/ITRC_2008_Breach_List.shtml,,
Network Solutions,"A large-scale infection of WordPress-driven blogs with malicious code led to the compromise of 573,000 debit and credit cards.",2009,tech,hacked,573000,3,http://www.computerworld.com/s/article/9175783/Network_Solutions_sites_hacked_again,http://voices.washingtonpost.com/securityfix/2009/07/network_solutions_hack_comprom.html,
Blue Cross Blue Shield of Tennessee,"A thief stole 57 hard drives from the closet of a BlueCross call center in Chattanooga, Tenn. Data on the stolen hard drives was encoded but not encrypted. Bluecross stated there was no evidence the information was accessed due to the specialized nature of the hardware stolen. ",2009,healthcare,lost / stolen media,1023209,2,http://www.scmagazine.com/thief-steals-57-hard-drives-from-bluecross-blueshield-of-tennessee/article/162178/,http://www.hhs.gov/ocr/privacy/hipaa/administrative/breachnotificationrule/breachtool.html,
"AvMed, Inc.","Two company laptops containing names, addresses, dates of birth, Social Security numbers and health-related information. ",2009,healthcare,lost / stolen media,1220000,2,http://www.governmentsecurity.org/latest-security-news/laptop-theft-exposes-private-info-of-avmed-health-plansaapos-customers.html,http://www.hhs.gov/ocr/privacy/hipaa/administrative/breachnotificationrule/breachtool.html,
Health Net,A portable hard drive with seven years of personal and medical information on about 1.5 million Health Net customers was lost for six months before being reported.,2009,healthcare,lost / stolen media,1500000,4,http://www.idtheftcenter.org/artman2/publish/lib_survey/ITRC_2008_Breach_List.shtml,,
CheckFree Corporation,Customers who went to CheckFree's Web sites between 12:35 a.m. and 10:10 a.m. on the day of the attack were redirected to a Ukrainian Web server that used malicious software to try and install a password-stealing program on the victim's computer.,2009,financial,hacked,5000000,1,http://www.computerworld.com/s/article/9125078/CheckFree_warns_5_million_customers_after_hack,,
Virginia Dept. Of Health,An extortion demand posted on WikiLeaks sought $10 million to return over 8 million patient records and 35 million prescriptions allegedly stolen from Virginia Department of Health Professions.  All 36 servers were shut down  to protect records.,2009,healthcare,hacked,8257378,4,http://www.idtheftcenter.org/artman2/publish/lib_survey/ITRC_2008_Breach_List.shtml,,
RockYou!,"The site did not allow users to use special characters or punctuation in their passwords and e-mailed user passwords in plain text. Hackers took advantage of these security lapses, using simple techniques to gain access to 32 million user accounts.",2009,gaming,hacked,32000000,4,http://techcrunch.com/2009/12/14/rockyou-hack-security-myspace-facebook-passwords/,,
US Military,"Without first destroying the data the agency sent back a defective unencrypted hard drive for repair and recycling which held detailed records on 76 million veterans, including millions of Social Security numbers dating to 1972.",2009,military,lost / stolen media,76000000,2,http://www.wired.com/threatlevel/2009/10/probe-targets-archives-handling-of-data-on-70-million-vets/,,
Heartland,"The biggest credit card scam in history, Heartland eventually paid more than $110 million to Visa, MasterCard, American Express and other card associations to settle claims related to the breach.",2009,financial,hacked,130000000,3,http://www.guardian.co.uk/technology/blog/2009/aug/24/hacking-law?INTCMP=SRCH,http://money.cnn.com/2012/03/30/technology/credit-card-data-breach/index.htm,
Service Personnel and Veterans Agency (UK),Stolen USBs containing personal information about private lives of staff.,2008,government,lost / stolen media,50000,2,http://news.bbc.co.uk/1/hi/england/gloucestershire/7639006.stm,,
Stanford University,"Tens of thousands of past and current Stanford University employees had personal information - including their dates of birth, Social Security numbers and home addresses - stored on the hard drive of a stolen university laptop.",2008,academic,lost / stolen media,72000,2,http://www.idtheftcenter.org/artman2/publish/lib_survey/ITRC_2008_Breach_List.shtml,http://www.sfgate.com/bayarea/article/Stanford-employees-data-on-stolen-laptop-3281185.php,
UK Home Office,"PA Consulting lost an unencrypted memory stick containing details of high risk, prolific and other offenders.",2008,government,lost / stolen media,84000,2,http://en.wikipedia.org/wiki/List_of_UK_government_data_losses,,
Starbucks,"A laptop was stolen that contained private information on 97,000 employees, including names, addresses and Social Security numbers. Employees tried to sue Starbucks in California winning their case in the appeals court before losing in the higher federal court as they were unable to prove any cognizable harm or injury.",2008,retail,lost / stolen media,97000,2,http://www.idtheftcenter.org/artman2/publish/lib_survey/ITRC_2008_Breach_List.shtml,http://privacyblog.littler.com/2011/01/articles/identity-theft/after-starbucks-laptop-is-stolen-alleged-victims-of-identity-theft-win-pyrrhic-victory/,
AT&T,"A laptop was stolen from a car containing unencrypted Social
Security numbers and bonus/salary info of AT&T employees.",2008,telecoms,lost / stolen media,113000,1,http://www.idtheftcenter.org/artman2/publish/lib_survey/ITRC_2008_Breach_List.shtml,,
RBS Worldpay,"The hack primarily effected U.S. prepaid and the gift card issuing business of RBS Worldpay. Actual fraud has been committed on approximately 100 cards.  Certain personal information of approximately 1.5 million cardholders and other individuals may have been affected and, of this group, Social Security numbers of 1.1 million people may have been accessed.",2008,financial,hacked,1500000,2,http://www.theregister.co.uk/2008/12/29/rbs_worldpay_breach/,,
Jefferson County,"""Jefferson County Clerk Jennifer Maghan said she unveiled a new online search tool that enabled residents and business professionals to access nearly 1.6 million documents that are stored in her office via their home computers""",2008,government,accidentally published,1600000,2,http://www.idtheftcenter.org/artman2/publish/lib_survey/ITRC_2008_Breach_List.shtml,http://www.journal-news.net/page/content.detail/id/511806.html?nav=5006,
UK Ministry of Defence,"Hard drive containing very sensitive details of Armed Forces personnel - passport & national insurance numbers, bank details etc - went missing. Loss was revealed during National Identity Fraud Prevention Week. ",2008,government,lost / stolen media,1700000,2,http://news.bbc.co.uk/1/hi/uk_politics/7667507.stm,,
University of Miami,"Thieves stole a briefcase containing data tapes out of a vehicle used by a private off-site storage company. Anyone who had been a patient of a University of Miami physician or visited a UM facility since 1999 is likely included on the tapes. The data included names, addresses, Social Security numbers and health information. 47,000 of these records may have included credit card or other financial information regarding bill payment.",2008,academic,lost / stolen media,2100000,3,http://www.idtheftcenter.org/artman2/publish/lib_survey/ITRC_2008_Breach_List.shtml,,
University of Utah Hospitals & Clinics,The data tapes were stolen by petty thieves from an employee's car. According to police reports the thieves tried - and failed - to view the tapes using a VHS player.,2008,academic,lost / stolen media,2200000,4,http://www.idtheftcenter.org/artman2/publish/lib_survey/ITRC_2008_Breach_List.shtml,,
Norwegian Tax Authorities,"""Tax authorities said they had accidentally sent CD-ROMs filled with the 2006 tax returns of nearly four million people living in Norway, a country of 
just 4.6 million inhabitants, to the editorial staff at national 
newspapers, radios and television stations.""",2008,government,accidentally published,3950000,2,http://infowatch.com/node/1289,,
Data Processors International,,2008,financial,hacked,5000000,1,http://money.cnn.com/2003/02/18/technology/creditcards/,,
Chile Ministry Of Education,A computer hacker in Chile published confidential records belonging to six million people to illustrate the weakness of their security.,2008,government,accidentally published,6000000,1,http://news.bbc.co.uk/2/hi/americas/7395295.stm,http://www.geek.com/articles/news/government-servers-in-chile-hacked-6-million-personal-records-made-public-20080514/,
GS Caltex,"Two multimedia discs containing the names, social security numbers, addresses, cell phone numbers, email addresses and workplaces of Korean customers sorted by age were stolen. They were found by an office worker in a backstreet’s trash pile in Seoul. Experts say a GS Caltex employee likely stole the information for personal purposes given there were no signs of hacking.",2008,energy,inside job,11100000,2,http://www.datalossdb.org,http://english.donga.com/srv/service.php3?biid=2008090631088,
BNY Mellon Shareowner Services,"A back-up tape, containing over 12 million customers records were lost.",2008,financial,lost / stolen media,12500000,1,http://www.wctv.tv/news/headlines/28132494.html?storySection=comments,,
Auction.co.kr,,2008,web,hacked,18000000,3,http://www.darkreading.com/security/perimeter-security/211201111/hacker-steals-data-on-18m-auction-customers-in-south-korea.html,,
Texas Lottery,"Data on more than 89,000 lottery winners (including names, Social Security numbers, addresses and prize amounts )were taken from the agency without permission by a former computer analyst who copied the password-free data. The employee added he wanted the information ""for possible future reference as a programmer at other state agencies.""",2007,government,inside job,89000,2,http://www.idtheftcenter.org/artman2/publish/lib_survey/ITRC_2008_Breach_List.shtml,,
City and Hackney Teaching Primary Care Trust,Heavily encrypted disks containing details of children are lost by couriers.,2007,government,lost / stolen media,"160,000",2,http://www.computerweekly.com/news/2240104003/Hackney-NHS-trust-encrypts-IT-equipment-following-loss-of-child-data,,
Gap Inc,"Stolen laptop which contained social security numbers, data on people who applied for positions at Gap stores, including Banana Republic and Old Navy, between July 2006 and June 2007.",2007,retail,lost / stolen media,800000,2,http://www.pcworld.com/article/137865/article.html,,
Compass Bank,"A former employee stole a hardrive containing 1m account details from the bank, then used it to defraud cutomers of nearly $32,000.",2007,financial,inside job,1000000,3,http://www.idtheftcenter.org/artman2/publish/lib_survey/ITRC_2008_Breach_List.shtml,http://www.computerworld.com/s/article/9072198/Programmer_who_stole_drive_containing_1_million_bank_records_gets_42_months,
Monster.com,"A trojan virus stole log-ins that were used to harvest user names, e-mail addresses, home addresses and phone numbers. Soon after phishing e-mails encouraged users to download a Monster Job Seeker Tool, which was in fact a program that encrypted files in their computer and left a ransom note demanding money for their decryption.",2007,web,hacked,1600000,2,http://news.bbc.co.uk/1/hi/6956349.stm,,
Driving Standards Agency,"Hard disk with details of candidates for the driving theory test was lost in a premises in Iowa by subcontractors. Only names, addresses and phone numbers. ",2007,government,lost / stolen media,"3,000,000",2,http://news.bbc.co.uk/1/hi/uk_politics/7147715.stm,,
"Driving Standards Agency,",,2007,government,lost / stolen media,3000000,2,http://news.bbc.co.uk/1/hi/uk_politics/7147715.stm,,
Hannaford Brothers Supermarket Chain,An estimated 4.2 million credit and debit card numbers were stolen.,2007,retail,hacked,4200000,3,http://www.idtheftcenter.org/artman2/publish/lib_survey/ITRC_2008_Breach_List.shtml,,
TD Ameritrade,TD Ameritrade settled a class action lawsuit to compensate as many as 6.3 million TD Ameritrade customers whose data was stolen by hackers costing the Nebraska online brokerage firm less than $2 per victim.,2007,financial,hacked,6300000,1,http://www.wired.com/threatlevel/2008/07/ameritrade-hack/,,
Fidelity National Information Services,,2007,financial,inside job,8500000,3,http://www.pcworld.com/article/135117/article.html,,
Dai Nippon Printing,"A former contractor of Dai Nippon Printing Company in Tokyo, Japan stole 8.6 million records containing the personal data of customers of 43 of the company's clients. ",2007,retail,inside job,8637405,1,http://usatoday30.usatoday.com/tech/news/computersecurity/2007-12-30-data_n.htm,,
UK Revenue & Customs,A set of discs containing confidential details of 25 million child benefit recipients was lost.,2007,government,lost / stolen media,25000000,1,http://news.bbc.co.uk/2/hi/uk_news/7103911.stm,,
TK / TJ Maxx,"Hackers hacked a Minnesota store wifi network and stole data from credit and debit cards of shoppers at off-price retailers TJX, owners of nearly 2,500 stores, including T.J. Maxx and Marshalls. This case is believed to be the largest such breach of consumer information.",2007,retail,hacked,94000000,3,http://www.zdnet.com/wi-fi-hack-caused-tk-maxx-security-breach-3039286991/,http://www.msnbc.msn.com/id/17871485/ns/technology_and_science-security/t/tj-maxx-theft-believed-largest-hack-ever/#.UFi-HaRYtmg,
Hewlett Packard,"Laptop lost/stolen containing employee data: names, addresses, Social Security numbers, dates of birth and other employment-related information.",2006,tech,lost / stolen media,200000,2,http://news.cnet.com/Laptop-with-HP-employee-data-stolen/2100-7348_3-6052964.html,,
Countrywide Financial Corp,,2006,financial,inside job,2600000,3,http://www.idtheftcenter.org/artman2/publish/lib_survey/ITRC_2008_Breach_List.shtml,,
KDDI,"Press report: ""Tokyo police have arrested two men for trying to extort nearly US$90,000 from KDDI Corp. The pair allegedly threatened to disclose the existence of storage media containing personal data belonging to four million KDDI customers prior to a shareholder meeting; however, KDDI alerted the police as soon as they were contacted by the blackmailers; the police monitored communications between KDDI and the pair for several weeks. """,2006,telecoms,hacked,4000000,1,http://www.computerworld.com/s/article/9001150/KDDI_suffers_massive_data_breach,,
"T-Mobile, Deutsche Telecom","Thieves got their hands on a storage device with the data, which included the names, addresses, cell phone numbers, and some birth dates and e-mail addresses for high-profile German citizens. The company said the records did not contain bank details, credit card numbers, or call data.",2006,telecoms,lost / stolen media,17000000,1,http://www.datalossdb.org,http://www.informationweek.com/security/attacks/t-mobile-lost-17-million-subscribers-per/210700232,
AOL,"Durp. AOL VOLUNTARILY released search data for roughly 20 million web queries from 658,000 anonymized users of the service. No one is quite sure why.",2006,web,accidentally published,20000000,1,http://techcrunch.com/2006/08/06/aol-proudly-releases-massive-amounts-of-user-search-data/,,
US Dept of Vet Affairs,The Veterans Affairs Department agreed to pay $20 million to settle a class action lawsuit over the loss of a laptop. The department originally took three weeks to report the theft. The laptop was recovered with the data apparently intact a month after it was reported stolen. But it is impossible to say with absolute certainty that the data was not accessed and copied. ,2006,military,lost / stolen media,26500000,2,http://gcn.com/Articles/2009/02/02/VA-data-breach-suit-settlement.aspx,,
Automatic Data Processing,,2005,financial,poor security,125000,2,http://abcnews.go.com/Technology/story?id=2160425&page=1#.UFcROxgUwaA,,
Ameritrade Inc.,online broker,2005,financial,lost / stolen media,200000,2,http://www.nbcnews.com/id/7561268/,,
Citigroup,Blame the messenger! A box of computer tapes containing information on 3.9 million customers was lost by United Parcel Service (UPS) while in transit to a credit reporting agency.,2005,financial,lost / stolen media,3900000,3,http://www.nytimes.com/2005/06/07/business/07data.html?pagewanted=all&_moc.semityn.www,,
Cardsystems Solutions Inc.,"CardSystems was fingered by MasterCard after it spotted fraud on credit card accounts and found a common thread, tracing it back to CardSystems.  An unauthorized entity put a specific code into CardSystems' network, enabling the person or group to gain access to the data. It's not clear how many of the 40 million accounts were actually stolen. ",2005,financial,hacked,40000000,3,http://www.msnbc.msn.com/id/8260050/ns/technology_and_science-security/t/million-credit-cards-exposed/#.UFiz7aRYtmg,,
AOL, A former America Online software engineer stole 92 million screen names and e-mail addresses and sold them to spammers who sent out up to 7 billion unsolicited e-mails.,2004,web,inside job,92000000,1,http://money.cnn.com/2004/06/23/technology/aol_spam/,http://www.msnbc.msn.com/id/8985989/#.UFcN8RgUwaA,
